at_least_one	at_least_two	at_least_three
0.0416243292955915	0.014568129409009888	0.007209899458719035
0.013050676000602387	0.0	6.836537497359116e-05
0.08036962216427367	0.011353528845973796	0.00017531198879549952
0.22261086897257332	0.12834667186307672	0.07437786257614162
0.3884283823060304	0.28856832367609453	0.2374871851163974
0.018412898074934056	0.00419432865698119	0.0012235449840383196
0.3873572972340306	0.2853743046382219	0.22501770688081366
0.2978079266164598	0.12298499458978479	0.04606216979582123
0.00780969612320474	0.00028066147189896584	0.0
0.007667105176752074	9.46075284011267e-05	0.00010230591831903325
0.17435096824163068	0.055206743877608884	0.013335905194143922
0.3156736224208966	0.2251009647505223	0.18060497817873195
0.01944968469298324	0.0	0.0
0.2858983961047411	0.20627386771113274	0.15676426076746844
0.04493902020480493	0.02292832843281656	0.013482447777271433
0.021774008377664338	0.0006710415614496722	0.0
0.22654257567647512	0.08033879921901528	0.019555388376700504
0.005275485455627347	4.9642475435157304e-05	0.0
0.008586580676929106	0.0038699057366859196	0.00014485041222586214
0.08277974853798394	0.0002575124377591619	0.00014848737366152717
0.024401250474077308	2.083685581784865e-06	0.000135871715372618
0.48609650561845485	0.37040559841580994	0.28209723526313896
0.024663819274699544	0.0002085738372139623	0.0
0.015351077247050936	0.0	0.0
0.017366178477220523	0.00020338231629578579	4.864950256376274e-05
0.5057184945051479	0.3982594286796476	0.31803166734527055
0.17416647033402335	0.1159357392163186	0.09249382176737327
0.1922557706133584	0.15105314099521724	0.11345739310300948
0.0176155054847675	0.0030077872468775484	0.0004611163029543241
0.1271584099372173	0.04252632784966166	0.006035706777577162
0.012617855847519233	0.0	0.0
0.03729475430309533	0.008300971019285074	0.0032670327346877243
0.07979624962864305	0.002924010700492017	4.293485222461261e-05
0.03263159788552817	0.01145009269021623	0.005408834054882491
0.21788768280073567	0.14319747637629995	0.0974181960752118
0.07895480056449765	0.00043272157200424915	0.00016172645713384993
0.14589513192755263	0.09353708894525138	0.06997906964399553
0.051656627001727407	0.013961231202675912	0.0006804696205603743
0.0010739088283413514	0.0	0.0
0.05770812330760144	0.03017041522148017	0.015901463097874446
0.06670874232158115	0.0	0.00014461027523799026
0.04528871425106783	0.012584889815817502	0.0029020277043096633
0.003191708954193978	2.0676822147967615e-05	0.0
0.05030924515600673	0.025117084856445062	0.013564607943916743
0.014364800709657028	9.269454307341517e-05	4.57833007790065e-08
0.07604413376640642	0.05059829790656105	0.03910354123843249
0.0	0.0	9.221566810384361e-05
0.3877790205438077	0.23774804238025782	0.16825254733776354
0.3071760588358259	0.21442868751322428	0.14925373680433818
0.544410553101112	0.4814674941250164	0.39971935971259365
0.024239234333098034	0.014171823358018514	0.008766125659212833
0.04783854893584008	0.007409660226748807	0.0002929440754553805
0.023868325969806276	0.0010843849332729848	0.00024329212710379623
0.10584679635228834	0.05837877584740236	0.043167507328684004
0.0018918660728797767	0.0	0.0
0.03175631673892484	0.015649835911206948	0.010207216010210369
0.0003826267123675448	0.0	1.872103950277971e-05
0.09873777982631173	0.019289609162340963	0.0013022754894868836
0.02992863141085571	0.016668660745680842	0.012324257346915966
0.0017398866049255068	0.0	0.0
0.23173310122541244	0.11550488292820837	0.056602437039079606
0.0	0.0	0.0
0.07217379143831792	0.016842957952752913	0.0009584091227142748
0.42693362155101133	0.27867507773047306	0.2095509570554652
0.038235408836336485	0.0027057317861141324	0.00035071059567570034
0.02039789203045995	0.00062626638754821	0.0003848153121654837
0.0	0.0	6.77346916102715e-05
0.039760765578633964	0.007091629265772645	0.000178721594202947
0.024574182527513273	0.0046840145510922285	0.0014027170746771815
0.09919390645645514	0.03314754561346948	0.007678623749588069
0.5168722429345102	0.4209336916179831	0.3785502452317698
0.10016114470453583	0.04448002825344548	0.024279340903170216
0.18952495849525136	0.0594289045372036	0.01600730734114231
0.3391776486597844	0.2497325973111824	0.19095583308528996
0.00017501974306037994	0.0	0.0
0.035779982515698694	0.002700090035046088	0.00010134985907833509
0.104534237009835	0.0031661780643666175	0.00011509382111228855
0.013098791537804098	0.0005921427852254302	0.0
0.01691940810337847	0.006536222661376091	0.0031260084076856582
0.0505237366300419	0.028886019448387906	0.01882655982721042
0.01612122865313392	0.0	0.0
0.06797318591729674	0.01996358052672428	0.002315719668175182
0.02135164486711015	0.0019786775681826275	0.0
0.00029085560808540974	0.0	0.0
0.03745689880259356	0.0023060950591797906	0.0
0.15497852782875943	0.10126564734013745	0.07246782851234812
0.015427035855752388	0.005553712755283684	0.0014193518738786536
0.017481225444736195	0.005865854724630596	6.890205564829936e-05
0.0017668381783119986	0.0	0.0
0.07830218322597679	0.04087508309980069	0.020079654558357005
0.059993465595236904	0.00038578941881279357	0.0001290300813015727
0.07390363033276466	0.018644622663228035	0.002049210947751858
0.08153995206527302	0.02531972110841104	0.005975873140966567
0.12256336018552241	0.04028038115338906	0.010613517152583029
0.01315059227605829	6.8942564567494105e-06	0.0
0.21224002431464195	0.12490096216379123	0.09461390628769255
0.08565255828872133	0.04439561966470045	0.028826717016334522
0.027560823358968884	0.00014968644232628628	0.00015447210401371442
0.04058021605100986	0.020270973689195834	0.014716965744687862
0.030616338671077156	0.012500908084481257	0.004396000617692718
0.010428825021529895	0.0	6.0298138872001e-06
0.08747493915518452	0.055424869462868974	0.04319406443583652
0.03650227415336475	0.01578859704735475	0.006975993041792629
0.45060631682113295	0.33819137262402776	0.24981506787927965
0.06172599078333247	0.03631362190909482	0.026469004259235835
0.1666822693531117	0.07013039434049344	0.027536465787150594
0.06346914388532382	0.00022706222798863154	0.0002407554462350225
0.02598983504278564	0.0044567966079355386	0.0
0.2541302875282476	0.19600857128769805	0.14540964006412985
0.024516456897685567	0.009321324104845222	0.0036382247731042714
0.027326176825350722	0.01077914450816908	0.004229144886352573
0.00968036422920969	4.465921923637716e-05	0.0
0.4163391348514202	0.2886042735633811	0.23107588805013984
0.03819143371147717	7.208818932000725e-05	7.670762480907652e-05
0.02071792699824548	0.0	0.00016864386359222595
0.48842260018100314	0.36297816357497237	0.31484359473505086
0.10574633297140515	0.08194491442397923	0.068497989432675
0.2052157538425605	0.09961918114523079	0.047906182464042935
0.034009289117942196	0.0071695710875863275	0.000572200517723615
0.129130343016693	0.08205588463808902	0.0569300939025084
0.00685677501099755	0.00012233133080968676	0.0
0.49156289406767384	0.405347969896514	0.31895644665288797
0.058549912334918554	0.0001287129322994152	0.0001181874515999333
0.0901574540567771	0.059516554144747456	0.04449268747551057
0.11039434800080704	0.08613028264465494	0.0666500539941518
0.12279237173051827	0.07165546697358789	0.05444571814984642
0.03802752184447126	0.0005745290339963958	0.0
0.001653461351695076	0.0	5.182131039952343e-05
0.2660475515967379	0.1711250138963292	0.11360503096297742
0.045351485852830546	0.00027829449460529346	7.772143969035639e-05
0.06551830976765426	0.00022839663092871255	9.061091053820958e-05
0.0013255490710818336	0.0	0.0
0.036256787951033015	0.004296706620779372	0.00011583681359902346
0.11065572660282855	0.01780712503057996	0.0006617952050000445
0.0006030644945931992	0.0	0.0
0.04332198583856224	0.0051171738725184586	7.05459050866766e-05
0.2914345866675169	0.17867515230198558	0.11185229961097148
0.011224456411946585	0.00015102499965022158	0.0
0.46895267097542703	0.3653943403640086	0.29910026723760264
0.07774141467892345	0.027264543512649692	0.007080053140353231
0.029309656956355287	0.00015955712272565196	8.527414176513672e-05
0.3225363847095921	0.20000794528614366	0.15618621958166484
0.03372913569453408	0.015405000645238653	0.008142079952592886
0.0730283990186424	0.007036941906284812	7.333298742964994e-05
0.016142024474679748	5.937716799845304e-05	0.0
0.07460601114734423	0.039818551663625974	0.018639785249943117
0.023816527278805497	3.406964382903638e-05	8.922883485088656e-06
0.2570686583476029	0.14391433386874097	0.10200043005640003
0.0023795402976440018	0.0	0.0
0.03391240658190169	0.005643168072566184	0.0005535149618970036
0.01898841281743358	0.003028260785426268	0.00043774614282283096
0.16215958344730688	0.10261069016805019	0.07533578536587462
0.0010467399259261843	0.0	0.0
0.001722880580357169	0.0	0.0
0.009314144677416172	0.00014051273806167924	0.00016187665618999213
0.0	0.0	0.0
0.045697607805857784	0.000317839790185623	0.0001250167208967628
0.03129006687691469	0.0011993490859684292	0.0
0.085007149118543	0.05290709104015476	0.0384511525292041
0.1990572264637483	0.13291811010587298	0.09487498891552228
0.12118843043408181	0.07354111081003731	0.05011337115764434
0.292345179268464	0.18840140226508625	0.14144155495176228
0.00978321565048228	9.223709700659395e-06	0.0
0.1605374879591613	0.09126929062626261	0.06659476226905611
0.40035912793190037	0.18631405784056507	0.05222212616186198
0.14182751617689687	0.07104626971565345	0.04378597284838013
0.006226510871569549	0.0013352139418580187	9.083061185656202e-05
0.0469509347774954	0.00012013293206717453	8.48388070041322e-05
0.027413997117698614	0.0	0.0
0.010200991326118656	0.0	0.0
0.026112432174746236	0.0017385776515394403	0.00012601497805714637
0.08114850829845094	0.0021311399975125107	0.00010657277652405088
0.13922473551943604	0.03353379744797046	0.006596718635343964
0.076619856622194	0.040702951464018415	0.028584780822032797
0.0073965866469491845	0.0035370970516483908	0.0011967637591270728
0.22459679768282875	0.0873916866431112	0.025597425427565962
0.028341309658110495	0.00016081998357015716	0.00010571466482965728
0.00027656306189012027	0.0	3.827721368890834e-05
0.004238407855825725	3.427970518208624e-05	1.4273323410136755e-05
0.011904234891859138	0.0	0.0
0.011823297510428744	0.0	0.0
0.30658535096104006	0.21100407654506517	0.1585720353589678
0.3801245127105412	0.23312924890223674	0.14118014416124622
0.0030443966799210643	0.0	0.0
0.38459295775261865	0.31273567980743994	0.24525381919381123
0.3608192535888799	0.24173281016978476	0.17435731052415232
0.06513338859080524	0.0001564629902840878	9.131153699209419e-05
0.17573209197662323	0.09430789705276442	0.0668166371338461
0.0721209465532883	0.040615749202065496	0.03181024878674014
0.020022945988722524	0.00033336263530239774	0.0
0.0050546036830101644	0.00018203221800288868	0.0
0.042303467742064026	0.00037537907735674374	9.021606616432636e-05
0.03847623187428583	0.022270649117983453	0.014501369915069107
0.00039999552281060405	0.0	0.0
0.031458265780604004	0.00014483843071902338	0.00015891801815703325
0.0047139693135890845	1.8400129204042444e-05	0.00013904015916595732
0.4403000958644975	0.31019887033945703	0.2428718063784441
0.49977630899336534	0.39860887874547124	0.3267127712337359
0.0808090588392586	0.03902452854234749	0.017363175150042792
0.4051859494694999	0.29545958701981223	0.22496936155409336
0.001613112877411396	0.0	0.0
0.049519048992803676	0.0005172500391698769	7.760727706008531e-05
0.015631708135776478	0.00047376863580066066	0.0003765798976547033
0.017494853881883727	0.0072600963083105765	0.001864591443877594
0.26215979015007773	0.12884915401692174	0.0508900807977221
0.03664551905254198	0.010541711308628215	0.004083425952803939
0.525747405361826	0.4265198926326123	0.3776090105897979
0.02340918686144181	0.0	0.0
0.012732467090184395	9.517608670394154e-06	0.0
0.24608266954168834	0.16394408486428869	0.12613263957672055
0.2514117272383955	0.1557568324159301	0.11882608163704764
0.013601609495860988	0.0012304842933134061	8.632374786651017e-05
0.10362113184746582	0.0004330681490612026	0.00017575562663219024
0.0015250886226836789	1.003808592905768e-05	0.0
0.06690133826549327	0.015014399771675655	0.0033530656301015106
0.020855123683589657	0.0002152220774797372	5.706660564605906e-05
0.009584576625093894	0.004591612676018615	0.003446834072534102
0.30736962086635683	0.21944980466055877	0.16602683983443525
0.01214871997928857	0.0060911548946649	0.005009771207135363
0.3361753945117372	0.25762109817407725	0.22387641335231576
0.00034565430202438893	6.538346000144538e-05	0.00013769905637263033
0.003567561619964248	0.00010555913073368589	0.0
0.015216255063415018	0.0	0.0
0.22198725645424333	0.000576421430992703	0.00037523801260137303
0.38089688976104186	0.27082434245514975	0.19161364262490566
0.0006160499203098193	0.0	3.827446559874492e-05
0.7920981444177893	0.6850173841774592	0.6389013835470706
0.6486117890130514	0.513146855627665	0.4257140435921955
0.15873663460473647	0.06836400707619453	0.027076259079850045
0.061233042215948406	0.010702787587029621	0.0009083105793526733
0.03884639376771012	0.015117509608697993	0.010553692741496885
0.26219585741244156	0.0860938296556192	0.017028597104266806
0.17931161728237432	0.09342708370200749	0.05065883547697574
0.016697347569644364	0.0002461407068921513	0.0
0.006951543121773281	0.000284253677202184	8.578677172520893e-05
0.0028467870685598097	0.0	0.0
0.08088220135189712	0.04923305060928889	0.033709967547182175
0.5571549979061089	0.471626158255082	0.3769133102158676
0.33264544578865657	0.20735461192753163	0.11657903970497532
0.2976668015768212	0.16594043813124174	0.1032266070645149
0.33111621484862436	0.23887033329575255	0.18939596226769184
0.055208146077067324	0.01275456270953302	0.00048601600625321466
0.0011503106753788933	0.0	0.0
0.019743169093148275	0.0	0.0
0.10425219175145446	0.0677926723505279	0.05324692948544104
0.06332789137675908	0.010125530026663873	0.0006818464138965558
0.11670006007041651	0.049120527906555425	0.02292503081495822
0.0018516844221598446	0.0	0.0
0.0752522303390513	0.010692328419478127	0.0007614694862650324
0.0020751136184655955	9.983183216356797e-05	7.182250704253646e-05
0.02649975749429157	0.01081754367419022	0.005076912094082006
0.25596610670337616	0.15289146735515666	0.10383028529302973
0.44332826594090147	0.32519014884145214	0.2517144241675512
0.01637437464794768	0.000545121885236111	9.756196265003122e-05
0.1337437176879584	0.07428973564944903	0.05003790782892182
0.07310653007251032	0.02018651017211317	0.003757302418171773
0.03248006291405994	0.0003269353479301339	0.0
0.08453085461861876	0.0019322881311441874	0.0
0.07507920681175734	0.06254887898732535	0.049888930519338216
0.00035705053330425257	7.161516560658544e-05	6.811147270141191e-05
0.021463229884047644	0.0007330677818919787	0.0005234352169698831
0.008748322116286084	0.0	2.9209498063456456e-05
0.09898832057161591	0.04865608082770713	0.028298259010023048
0.02478594269943336	9.094467674483717e-05	0.00011296036126999618
0.28110261908894557	0.19003551236829866	0.13840920269793178
0.04971777928168813	0.00021537167571161232	0.0
0.02086419524363286	0.0002163197443699038	5.755520450834682e-05
0.01726209632733854	0.0001466161708976628	3.5005562475549923e-06
0.37999904577589116	0.2315798143367106	0.15181695009885546
0.2734752984197885	0.1739966235452058	0.10605910845277751
0.019874610654159776	0.002638959634944535	0.0013774146131024382
0.01201603149576995	0.0	0.0
0.17520281756772688	0.09621737160382433	0.06899339751931263
0.3294254259639977	0.2459062933447917	0.19210255598790268
0.03266733515415369	0.00010914748499334537	0.00014409318901321272
0.03809168865700505	0.001415435451720566	1.2027469629713114e-05
0.009195644741398449	0.0	0.0
0.004518629947960518	0.0	0.0
0.030836724444894947	0.006757994929608198	0.002033919036598884
0.1575023369544599	0.026353134095671495	0.0007632412606988753
0.21076912793205677	0.04637571320748732	0.003974149786671846
0.05450591393602498	0.029317548264715793	0.024047400849641905
0.04418880415989922	0.02130497968872061	0.006173324149960554
0.036016099911773895	0.005335545824363112	5.199458229456985e-05
0.027872195504953328	0.003800660375104033	0.0
0.0531034441503023	0.01886719037781991	0.006925530317437762
0.2122545829546619	0.1063998847885395	0.055141472393628446
0.01540406505632794	0.00202021122687896	0.0
0.1433197150910512	0.09187503237785911	0.06251905531464721
0.01569169765803521	0.003548713867502229	0.0009693940303378548
0.22522548682285043	0.17116718718151455	0.14629591785854185
0.3335035287029395	0.238937492781896	0.17635965926323235
0.15505234568990092	0.04516330087670716	0.00761413568892787
0.4002302624070307	0.2794474600384328	0.22017560981475376
0.25382803861224057	0.13580814313007084	0.08209755158806294
0.24611212404243377	0.17079511500958844	0.11428252675787738
0.0	7.813086894499239e-05	4.65634540398616e-05
0.015954211407786294	0.0024411498977758694	5.7062170851877e-05
0.05057272475917258	0.01291081184183953	0.002722737603825418
0.0020146047991537793	0.0	0.0
0.20463158727938957	0.1431409593136101	0.12172169963066029
0.05774094068621121	0.035399187494376344	0.022741806421107416
0.05732074659777358	0.0002950087298487442	4.862444334354215e-05
0.03826078532062599	0.018614956723782397	0.007216597806350031
0.02337665384934353	0.0	4.890477605848289e-05
0.05613055915397003	0.0017190138859684186	0.0001157329321026905
0.033687379877227926	0.00026905444885933546	5.481584627032524e-05
0.02477128103936281	0.0022088081128778143	0.00034490426176578184
0.2109096241889535	0.1473878946752072	0.11934876620100235
0.011171043034781555	0.0001751070058609687	0.0
0.5351812699628341	0.4367344833170614	0.3982280056055618
0.13045787540767453	0.0011753059211211314	9.557758911627433e-05
0.00623334575911674	0.0	0.0
0.07422808886452532	0.0102385525118024	7.256338979064626e-05
0.18110880179384856	0.10502158689587719	0.07478035006410928
0.2266892394941516	0.17685378286200687	0.14848173063972855
0.026663698931689687	0.00010197814140374285	4.6737186089298305e-05
0.08519288995850452	0.00038583123500885406	8.316668656160615e-05
0.23696144674088965	0.12506534660405466	0.06910911163091667
0.032940355946363	0.0	3.816334215811165e-05
0.09632286444485937	0.06485043732477742	0.05317526242543297
0.02689017525766919	0.00952427244757222	0.005023171945854069
0.15254425523185633	0.10844609803946581	0.08904475045428084
0.04898981265062024	0.00017820456106518515	5.270198694343371e-05
0.0	0.0	0.00012193361890232984
0.048774456137450045	0.026537171116366078	0.020667347467988602
0.07444925349043086	0.001729371810102875	6.18415218524163e-05
0.08778620718499693	0.004004305868177525	0.0
0.00027698409475466774	0.00013498667440040545	0.00012481896742932898
0.020360584955470627	0.00014332880509641214	8.178377051176137e-05
0.003690511959034133	0.0	0.0
0.27338012004780715	0.18215593808910455	0.12175797084061282
0.09440535907976945	0.037257369018884316	0.01964363571304539
0.04231239163847362	0.021962286012057762	0.014645746401807672
0.10511429895910103	0.05164553070174557	0.035574445166892406
0.48604702627831864	0.3403385960220777	0.2862452116044023
0.31907857422905006	0.2087853012363246	0.16168040520069019
0.09040939199577609	0.011362877991104171	0.004059974121886199
0.012957241447011849	0.0011812570907490105	0.0
0.06292515179193266	0.017125174083647797	0.0037404573464298553
0.5580564966475081	0.43205874680061057	0.36113446748705225
0.4199257832366368	0.33635869682288355	0.2670686096621866
0.02905954191137473	0.010871548594909006	0.005682458934377099
0.0014076125066170998	0.0	0.0
0.30115131732489636	0.18222706217661871	0.1337373806901406
0.0037949966251663485	0.0	0.0
0.04136761104287342	0.007991519466532895	0.0017216976789997361
0.020343727909536598	8.886965876988163e-05	0.0
0.30804697384026264	0.10180399510290761	0.011613607692859775
0.0012410419712402402	6.593924500074896e-05	7.905430958795017e-05
0.09460376209282596	0.05488201858490919	0.03593895162255354
0.164953106774826	0.1083920017618645	0.08397797933996068
0.009944201609286229	0.00013360137155167887	0.0
0.18139575882229178	0.06985153167116165	0.02663541564234671
0.028489961114510447	0.0076486569387253225	0.003679680723098512
0.0	0.0	0.0
0.0	8.766987855721945e-05	0.0
0.015168944067969599	0.005825248494813283	0.0010396989669631072
0.14708975459129825	0.10697730169503639	0.0879095383883375
0.11947064094276785	0.018093608855827937	0.00023058709037689085
0.42496665639402564	0.3009627868246666	0.22320683531330654
0.4642238692156488	0.3840338943962951	0.3170526164515545
0.09432610977120764	0.03401627242732266	0.006176376499340352
1.4551938599390718e-05	0.00023706799352026658	0.0
0.07170099781781383	0.027263748965612757	0.013248460164694862
0.05509763625809259	0.012910643382794428	0.003270326635800476
0.00855240662459214	7.887705246700447e-05	0.0
0.04368419501166689	0.000857268131197261	0.0
0.21378359213102582	0.09797554775544937	0.04069314311680383
0.08352823404440402	0.05203872524758459	0.038979035889723554
0.2548713551261128	0.16247151912266497	0.1052891657878425
0.13373743856698686	0.07195557175471418	0.04374283251489451
0.10650978545438909	0.04190539761775752	0.02181171342673362
0.23697211322282066	0.13157330895791902	0.07573044836435633
0.025645050575931902	0.008099255983415352	0.003357088342188651
0.47044541122432293	0.31182861779708465	0.19267936991040907
0.7633119272032028	0.6584319972319709	0.5850169262435836
0.05389395423844783	0.0008462389803060959	0.00032471895303410204
0.11164434036260837	0.06203802375570352	0.045679877837535604
0.0017589640501492537	0.0	0.0
0.4738505404676467	0.3698618531469176	0.31191835364073744
0.19645300224932905	0.0815383942574798	0.02037507498381098
0.2829169877695441	0.19205299069706472	0.13348507880747135
0.25578075076984963	0.1655465812884067	0.1216316105411551
0.18050489267061118	0.113188611414065	0.08002990316508975
0.2544786434435344	0.1505589418972494	0.08584436779903723
0.19602524000219182	0.07895069903283775	0.017336598258803203
0.02354513689782234	0.0	2.5470319395367452e-05
0.05326718890301216	0.02338491614125152	0.010030624764811421
0.01500041219284523	0.0062587364411054265	0.0025905931822414784
0.1147884505696695	0.03512514117694695	0.0028012302472435685
0.16817710264610156	0.035596838792098046	0.003472332319875887
0.4616258856761493	0.3307150909054437	0.2806467448558481
0.052935814398602926	0.0102043497422988	0.002915959368925531
0.01837652491556606	7.192325475414117e-05	3.592228016802146e-05
0.020018667911416165	3.555249427955945e-05	0.0
0.0	0.0	0.0
0.27214295713443687	0.20592635635423068	0.16436489847317348
0.00872366776582486	0.0	0.0
0.028418744499211907	0.00010053565531675628	0.0
0.10756716530678802	0.0028800207811289094	0.00012625316267071175
0.09347966357403542	0.01317619900337828	0.000509587723531873
0.0031997252046279323	0.0	0.0
0.040366553647229464	0.0005583537333299577	0.0
0.269576012200863	0.1043949223873369	0.026794933049027494
0.24207138036558515	0.1658396988494858	0.1200848382782517
0.03714513569534783	3.811315094537533e-06	0.00011083709232932899
0.07268300600737845	0.020624810484672268	0.00417737854199316
0.10144382664788128	0.022746110943355297	0.005450354862010626
0.036490359842757746	0.0006878687296257629	0.0
0.10330459640681529	0.04916004562525709	0.024739096992678948
0.2570248736622397	0.1621580473677365	0.10910941328534342
0.1757961461424961	0.10905788724084443	0.06298848659257471
0.0	3.677775600343172e-05	0.0
0.01436898129692225	0.0028866987522698324	0.0007571175357722571
0.013629802475986916	0.0	0.0
0.01565010035131963	0.00013308445058303302	1.411655804818817e-05
0.24243618246551993	0.1458814087442214	0.08607574773987911
0.13420918398410858	0.07796891495704049	0.05794922622540453
0.004889180918434052	0.0	0.0
0.029544898965494542	0.002714501652767571	0.0
0.005350069527432481	0.0	0.0
0.11735380027294287	0.001697189565626608	0.00021529085679827201
0.4496690398564757	0.327135488575515	0.23795687642848834
0.043468654109569356	0.009547916136477388	0.0018733860034936258
0.15589158588084298	0.05660991205310157	0.015458832949095436
0.5362589793929916	0.4435499577296933	0.3543889569478532
0.5014159236730272	0.3709466054913359	0.29021744918827375
0.08359093402726374	0.0004354650522272064	0.00017799105037344474
0.016493368416261634	0.0	0.0
0.4345077017219258	0.3676462068451061	0.3481793899486328
0.27612840968281016	0.1728938226048253	0.12490773930618185
0.08916906092722077	0.02692574768490064	0.0059912347731820295
0.008703942693766169	0.0004240376483338115	0.00028401013925325076
0.1315906104834786	0.03268286577511498	0.007310554134356031
0.05680683884708075	0.0001401506393098502	0.00016129361844103868
0.5200424928304301	0.4042353728461758	0.3498600988189577
0.012350506831068146	0.002047898065548521	0.0005421637821791288
0.02726335958760243	0.0008596661391536186	2.048676292488224e-05
0.24585911053095943	0.12054325638479038	0.06085520231728419
0.067694252673981	0.0017678159104675822	0.00010764188179855898
0.008668764353748082	0.0007678719588619098	1.5211313087806766e-05
0.0049269543070295805	0.00010533575353664695	0.0
0.011576989889640666	1.783243984479054e-05	7.324636556582317e-05
0.014894992942683788	0.0005577694738640449	0.0
0.08393988972918728	0.03682349015322583	0.021574526228044216
0.013813389166733362	0.005377130659729405	0.0005268351400213459
0.022806606445642676	0.002373092852019155	0.0
0.011650462670705419	0.0	0.0
0.01675379431536323	4.131550325054724e-05	0.0
0.08816230194333387	0.00030600846178634785	0.00010309094444444552
0.0015881452057970504	0.0	0.0
0.017992236703564802	0.0	4.2892043566277425e-05
0.4275773959557022	0.30412765791184926	0.20609614965539863
0.0604476544113872	0.0003135521553334023	0.00011491444669059665
0.020935475322938924	0.0	0.0
0.025653048334090753	0.0009368336403365509	0.0
0.20965276106943934	0.07308243988831295	0.01479090899073529
0.005889470053700433	0.0002733164178118771	0.0
0.008396944001023497	0.0	3.5059055907312245e-05
0.12059538966451067	0.007129849254695473	4.322938255360391e-05
0.15331322258825783	0.10758933128253291	0.07727144744900642
0.3575841771615832	0.2790124212510568	0.23829357577520996
0.32537473233430625	0.21923504765208746	0.17654709206996377
0.046729197545745386	0.0252276905467297	0.016177427540902664
0.15827259190706325	0.09171191159731258	0.060896755654230715
0.2034269091390223	0.11547317697581912	0.0836802694074528
0.06646740309808356	5.135169281591818e-05	0.00014838371277047825
0.05232591449334168	0.00013647926883690945	0.00011019790454838783
0.10653378486925277	0.015089810007223113	0.0001627010951459557
0.0012925135800852172	0.0	0.0
0.04645862613582694	0.01636661529801644	0.008816064008556883
0.08522421863111788	0.02457833292361167	0.0034622039054342394
0.7013546337129053	0.6427360331115415	0.5513662064415982
0.11782092483655697	0.09088879230649655	0.08172254693484415
0.42792543994756815	0.337550150364196	0.30515396106740933
0.021061592106326674	0.0002675576553023036	0.0
0.07629961926203427	0.0009186864778810786	8.658715987437237e-05
0.06518710105706735	0.002102108889462783	0.0
0.33953773902060075	0.23367079725066148	0.15025525917673968
0.07950411857107348	0.00851545069285935	9.562476884306809e-05
0.014459493857373842	0.0	0.0
0.018485109841432333	0.0	0.0
0.09631971624481923	0.03912734370475105	0.01403627240615827
0.4794108796716524	0.41843818919645087	0.3953291419399272
0.0515529438441046	0.01801438732902662	0.015744969070271075
0.05654900792709448	0.047059005027806314	0.03749734327737632
0.03851710480464479	5.322979355669444e-05	6.185393825527269e-05
0.13432554451840664	0.08660912430398236	0.06041497371494143
0.2784423857238845	0.15575848756211225	0.0951370774966563
0.021118290838025508	0.005693116129853622	0.0024049365430725625
0.02028385548483201	0.01572467059962228	0.003186917241597546
0.07822799631744576	0.03388458242944511	0.018278762037198686
0.013204944099623767	0.0	0.0
0.08037861962385476	0.0030141987264150046	0.00010275135289135925
0.030325653263308865	0.010927748377698145	0.0036976559795823686
0.013828604451863662	0.003190839192233474	0.00010608011174452567
0.07543294265575143	0.0360779921752334	0.022132186776621855
0.021340377573130214	7.426921807132236e-05	6.848729013909927e-05
0.0789242124728116	0.02013729982751359	0.0
0.006345142886979071	0.00030806168349602463	2.8364078434694844e-05
0.0027381124769026545	7.720857165760975e-05	0.0
0.0290364835198297	0.001411358089172074	0.0
0.05299168497003736	0.020164359645866763	0.009616323093837965
0.21728845881362255	0.16367735599404512	0.13865429181114172
0.059594855318964406	0.020583873495027112	0.0074810691681397095
0.049441456389240364	0.0	0.0
0.1355192393367013	0.08451431831104037	0.05977450579626457
0.36107489475713195	0.20792340058924794	0.11105037674147743
0.114713031563961	0.07551437383879273	0.05977408297659285
0.04149683131838137	0.02587235312576927	0.018160173790187795
0.0222535154442531	0.0	0.0
0.08653926703626315	0.003029061726655115	5.289649756609095e-06
0.29126206513094366	0.17577297951446144	0.11593196867480456
0.027577326086000258	0.01762160864362737	0.011431270822313173
0.010659623241648673	0.0034543384782328304	0.0030290095981779968
0.05764772687830406	0.00031747058157002503	8.927623449737822e-05
0.20478002103671794	0.09262733553693288	0.034602252142450864
0.05355848091716848	0.008014652193218584	0.00013603117784344396
0.24811561365799106	0.14934612435515787	0.10113216679602184
0.08204801106964024	0.03923369152319406	0.018265200864029177
0.042927481064819945	6.334019833789239e-05	0.0
0.10724821950221104	0.04552571592696832	0.014329617589440083
0.11571543287645089	0.05018944935539623	0.017360023095953955
0.27854609814008235	0.20324864070152948	0.15732432654400746
0.1307948476871261	0.05241706034176351	0.02150200371044994
0.011371518920624029	0.0005596143285277666	0.0
0.044309235707007795	0.014395690822043828	0.007867224638735765
0.2306670482725796	0.14628263069731645	0.11980864267195133
0.02477885374949717	0.00016018665189032437	0.00017912670500387813
0.0322199187449405	1.9662124096916922e-05	2.1701645042280712e-06
0.09604996226228693	0.05058829398597071	0.042778609810794684
0.020893118165094034	0.0	0.0
0.2888409414420417	0.20893085675951473	0.16980014065015714
0.013585337653370597	0.0009219896189748399	0.0
0.22927786006339163	0.19585458314606694	0.1566306224404362
0.31126362538231134	0.20895393185755587	0.1521637927648298
0.0714981213308326	0.0	9.558678346362117e-05
0.17956577461719042	0.11877729812453829	0.10091368882489865
0.00735487564740363	0.0	0.0
0.016135095123889696	0.004301276706055331	0.0010750223772270822
0.013235724427688778	0.0003998518410311836	0.0
0.0001542075678624454	0.0	0.0
0.017747878708019884	0.0	0.0
0.026198559754609725	0.0	0.00013709021069125815
0.0533065003614473	0.0003158491299280579	0.0
0.08866791934453978	0.04617986336665862	0.03081260607096051
0.012002237166767911	0.0013619788766296428	0.0002694127865833767
0.0487016403914114	0.010444064924831947	0.0024276348991178753
0.34988205181139254	0.2095191624043073	0.08906078955539037
0.009001382557609423	0.00018935254337579688	0.0
0.07018993213094855	0.0223606881922266	0.0066399320161101985
0.025267677271834526	5.206215981849727e-05	0.0
0.03027737958176741	0.0	0.0
0.02657656769529219	0.0015368676351898468	0.0
0.20966912714060573	0.06808559224766376	0.016755143877608226
0.6542443414420105	0.6742059031080315	0.6497041019899532
0.19519971583801551	0.12062726318184425	0.07944828786795169
0.0	0.0	1.888433549040048e-05
0.0647428538030586	0.019578010691048666	0.00590943909980192
0.08470715428567828	0.0011633704796131942	0.00016515096589200026
0.05594877916094619	0.02415859701349608	0.013163945039384305
0.02517859647140171	0.009101149947587157	0.008608046325581268
0.19214798368006078	0.027939483793093387	0.00024877178806943095
0.5473047343716466	0.4301221972661691	0.3527433938670723
0.3128888377511924	0.2232050724418671	0.1531387390158522
0.13287221829247256	0.0695215930479457	0.03308180524092488
0.05804893464095028	0.0006739029076146628	8.486814598994332e-05
0.0637589180108958	0.00012433191465370183	3.594591283732733e-05
0.0758679388347363	0.02936668541987496	0.010020058174006065
0.11245170258639008	0.06431126853483177	0.04729964111507473
0.07190094685959565	0.03371413402150124	0.02033350237391361
0.2540734582651298	0.18104779457473563	0.13858637119952877
0.2950103286467705	0.18885722591550227	0.13263802419271156
0.07771368240431857	0.002769130268867553	7.62910499583708e-05
0.0015031704625211176	0.0	5.180440670404622e-05
0.02011161168933483	9.249432110370985e-05	5.1554578055367124e-05
0.014567250396507667	3.8804734452030365e-05	0.0
0.0996432021076203	0.06406816117228063	0.04843124345389621
0.4113102246555468	0.29367548029121043	0.2402728569060084
0.006694621844916228	0.000566907835921223	0.00013679976310539393
0.2560248067574453	0.13328858797215773	0.0593861327506612
0.19228611336875204	0.09469724059895	0.04786315041913241
0.7103073345915046	0.629345562760644	0.5530073592941915
0.005188570790740595	2.6192169303291407e-05	8.486970999212022e-05
0.07479317079710825	0.0002965332478158606	0.0001726863747617026
0.03467937358472353	0.001800930054696487	0.0
0.1583759508700096	0.08905895568247117	0.06747199013607837
0.2783547292582522	0.20105429136878814	0.14633375858484918
0.006378496435168032	0.0	1.664746002329274e-05
0.0021116755344078057	3.843654118253388e-06	0.0
0.11143163642048758	0.02020905400134237	0.0023906670448042506
0.012530378726951823	0.0008275491884934608	0.0
0.21951476341232082	0.13802115439791335	0.09579446188709648
0.001451214032986938	0.0	0.0
0.032069441481649204	0.022782120223034358	0.015543258571522865
0.3837427824289976	0.3647073558551509	0.3602250838128213
0.08864037806678617	0.0512662589319898	0.03251221493041241
0.03650776758780918	0.00013307918295223879	0.00010622485755666742
0.0694381544039393	0.004140795763932485	8.429693403100378e-05
0.00020992201393770296	0.0	3.440294462754654e-05
0.0	0.0	0.0
0.010971172285632703	0.0	0.0
0.024019727651498065	0.0	0.0
0.016311815683773528	0.0	0.0
0.0442297417940313	0.02066876661525077	0.010218457940788
0.07555361976981093	0.04699282451358135	0.03325529842084461
0.020904090803508076	0.004464118451591978	0.0005338495841094703
0.07881111827163219	0.01420214929602449	0.0024374703133047595
0.03305773970927124	0.0005607876748891846	0.0
0.14356927240332837	0.04713143047382714	0.012925248869169646
0.01639754064243794	9.305228908172095e-05	0.0
0.10058664537370748	0.052688472067641	0.02594782900870213
0.2142836294494341	0.14081699840776768	0.11677909590695804
0.11718938996148777	0.0012171342871663661	0.00010213631254582349
0.13575638530776987	0.10263766335244458	0.07847776576132777
0.01167793346382109	0.0	0.0
0.11600326017946579	0.033786030579422276	0.005332326863982081
0.08400085978811621	0.04710205875354455	0.025066622491945096
0.00842671087262066	0.00011601021710343998	0.0
0.0842937547895343	0.06215937197492346	0.050485783091638266
0.03351444030095073	0.009629287897862101	0.0022807100435128583
0.001540114845410976	0.0	0.00010135882619245577
0.3330199257026324	0.20721529059445437	0.115639084403143
0.10506758483285619	0.06769139190148599	0.05219140914001115
0.039177246863705134	0.00014508464909817036	7.063179867843744e-05
0.005859269905127885	6.444291660459133e-05	0.0002285291469771543
0.0003136994781096133	0.0	7.412678866951759e-05
0.017655541472961594	0.0006862505094865582	0.0
0.8448569119495283	0.7827090470515614	0.724350324121348
0.023788781740720112	0.00019396574680540738	0.0
0.010710476732163878	0.00012333935548881295	0.0
0.4640196024551821	0.06789173866723752	0.0
0.018051886506297236	0.0005128022166708164	0.0
0.11974993844276215	0.05680941403329134	0.035879530953963394
0.28571540016270175	0.24322739489468823	0.1953120016110992
0.3168262883993288	0.24920945116862037	0.20754967420469644
0.0875470939871528	0.03199408709489313	0.012973230474486779
0.024065921141365618	0.000250810630617505	8.393410601678641e-05
0.024803747748509075	0.0037545758355385364	0.0
0.0002679237271172785	0.0	0.0
0.21421550677524648	0.13410753144519977	0.08668898683996636
0.024358053551496478	0.002144822226903061	5.999030118848409e-05
0.13943848703960382	0.06593832385136456	0.0441173165881493
0.005349121558328013	0.00019840105326887798	0.0
0.043072978605657314	0.009346848838493509	0.001053522448978471
0.024906296294394174	7.58768686988983e-06	1.5641833700224574e-05
0.038766565115512255	0.0019931436601451505	0.0
0.0729011062147029	0.00011328188426514441	2.2506155794346436e-05
0.015098365656553082	0.0003384830246161621	0.0001703354172143982
0.0931344672805299	0.03924523002873709	0.015469716133476225
0.22765565768285786	0.10619732552303573	0.04941462993384526
0.0	0.0	0.0
0.014564934704053737	2.4166825736140866e-05	0.0
0.004842691283475927	0.0	0.0
0.5298562041776277	0.44040514431417543	0.3596710154645093
0.04635329446232029	0.017412350297528384	0.004453053081987846
0.0021501373936737957	0.0	0.0
0.028009299364960636	0.00023255712976330035	0.0
0.04662769707117691	0.0029423046870965903	0.0
0.014750100034303139	0.0031143772251441904	0.0023413039591862984
0.004831340513116002	0.0	4.949151341282227e-05
0.0909800523528148	0.06772800666623516	0.055285572548866166
0.019601769129650892	0.004670697913601324	0.0010873403721772803
0.10620906327213965	0.05921233279510795	0.03985333632026332
0.1039144364829378	0.031386442570388	0.0056785851517545715
0.2949648720338037	0.05271371374358311	0.0013626043436970846
0.06071558091163853	0.019706976276058455	0.0028574369547195106
0.14181282994294273	0.11345313021270509	0.08561472659158859
0.02262382036531302	0.00012316442266640387	0.0
0.10441924267221882	0.06537444088205281	0.0488795747680855
0.00017613898263878387	0.0	0.0
0.0738289501605115	0.04038456595580553	0.024300439394208236
0.17805203875375486	0.08707085021111903	0.05031086626775537
0.12751818898208678	0.05174779970303068	0.01689283702523901
0.017351888054107773	0.0	4.21951451393893e-05
0.02183277680616949	8.675563437801626e-05	0.00016639668230298069
0.006241455928302092	0.0	0.0
0.5294152846049112	0.4040436592236869	0.34455565149947837
0.004807189332060914	0.0	0.0
0.4702078917950696	0.3620415574033872	0.2618073030423289
0.08428924134773548	0.0042726356224165015	2.7404989797711644e-05
0.022236460360017408	0.008147382929554518	0.0025386468069530516
0.02082424839119697	0.0027054217043405273	1.045605564922638e-05
0.07839804815380208	0.03395604984237938	0.016779395617705178
0.0	0.0	8.45683717949847e-05
0.025405990164834295	0.004691810302648483	0.0005613275469560867
0.10879250281441415	0.03495692367296037	0.0062074074452578175
0.0010047541407880445	0.0003321150237264219	0.0004271544270812106
0.4266658770686729	0.3057549323367926	0.25018111230728535
0.03728550380094892	0.023495963058995963	0.01749359218037142
0.025603058517877704	0.004407460064573832	0.0005100774607714135
0.2822132411200324	0.11246330099276852	0.056739875272874836
0.10070746890417438	0.00034451009634497553	2.0781692861147026e-05
0.35716163674097	0.2569660683943836	0.19360165704040988
0.4037199239259806	0.30767671327419244	0.26133195380884555
0.17857663844081328	0.029217854674314158	0.0006519030972703798
0.4016319293783901	0.2561875364072444	0.20543096363669047
0.018696363961819996	0.00012738714944914974	0.0
0.0	6.463867473205636e-05	0.0001814309042018989
0.021844553344339702	0.0	2.0720890302382278e-05
0.013167657816441022	0.006150320364714054	0.003610744606342752
0.03206463356447816	0.00012363400961499984	0.00014464033615870474
0.003293337823302242	0.0	6.134211571535118e-06
0.002620215236281252	0.0002282094076883458	0.0
0.20581029480079455	0.04174985836216449	0.003516596275170759
0.06033959986276179	0.006982699379805622	0.0010372727616553149
0.12654059876052953	0.09344511659186812	0.07332599156620968
0.4374402238157226	0.32243329911156937	0.2434069600451583
0.1889225580777245	0.03394187630895388	0.0022518319327532134
0.005011273331076504	0.0	5.72913741891572e-05
0.0	0.0002268788521760847	0.00010141457207014492
0.41102725271578944	0.0873137301962644	0.001251370005156828
0.24763500708092773	0.16843108430576773	0.12180191742054133
0.05097233452885852	0.02287460857217009	0.013948167039488597
0.013292459238420321	0.003796495348083067	0.0013530250622747868
0.013980990776374519	0.0	0.0
0.3007569215090632	0.20817952989194155	0.14302045081076586
0.002347189188506643	5.775999942180237e-05	0.0
0.1448368451402101	0.0853644777768305	0.04739036137866034
0.10883200265016445	0.05429253192255933	0.027209101862640136
0.18822515683550195	0.12642931817567518	0.09453054793182777
0.014358746989552761	8.011881703726912e-05	0.0
0.00015702185646045922	0.0001311673344455179	0.00010426179601434344
0.0013098656151907537	0.0	3.4760871556035675e-05
0.11321041986917081	0.06299589269950011	0.02918433232994089
0.032690146440751536	0.006739241209846216	3.457893318232694e-05
0.04676118345972705	0.018704661546496824	0.009067469077706156
0.12522437053715826	0.023768788723237868	0.0012195309336487077
0.28081459837757533	0.28145996629135267	0.2634159145137865
0.20061494166210986	0.06143037246479915	0.011933929669671786
0.02862604242656552	0.0	0.0
0.12943118563539271	0.0003661150678949355	9.806269175340748e-05
0.007432730185481451	0.0	0.0
0.24900424960038525	0.13583417635328937	0.0767498411548585
0.30206710123876573	0.19889722503465257	0.1525765085018301
0.0604069723538904	0.012720759565119828	0.0004397964004396026
0.271389905880041	0.14093389836428466	0.07306705568574298
0.04547160810033254	0.014712488448677667	0.008647605030667707
0.1986884127634906	0.11368523948760338	0.07787980456961727
0.02152907009613458	0.0008717680713577931	0.0
0.00098710680512238	0.0	0.0
1.474384576986669e-05	0.0	2.9635976265231928e-05
0.4476393314369027	0.3163832161143624	0.2445224161381009
0.002265918672951767	0.0	9.169924914228123e-05
0.11009764686125198	0.059883090033322574	0.026803132991420727
0.0064334521410147625	0.0009135220382313789	0.00015200515462571694
0.004157063605469983	0.0	0.0
0.10664713361456302	0.023313125402234194	0.0007332644555046348
0.0016320216095696708	0.0	4.8549876314512436e-05
0.19354317894022213	0.14890056333739973	0.12515239943959144
0.29695240120931765	0.19813084768401928	0.1496502901105775
0.281803998626741	0.12207283603577573	0.03391630129419098
0.04902650014092035	0.0	0.00010200995015359916
0.08256592187890896	0.02212559847221428	0.003936770286912929
0.08056503913586237	0.00798595172171978	0.0
0.06675812768857815	0.011230324909502931	4.885264315091474e-05
0.03074286590850948	0.015112983884919572	0.009961703900597425
0.12156750681815476	0.08574997239217326	0.06653636294131622
0.010014340242984539	0.0	0.0
0.006639220585111916	0.0	0.0
0.0	1.3803124570574941e-05	0.0
0.04721244733428921	0.023572247316628565	0.014006130108730148
0.05032302049504463	8.806916531449438e-05	9.015005541096379e-05
0.0010002014348596232	0.0	0.0
0.01877053818143028	0.005909296241138561	0.002366361034903664
0.00398430182115441	0.0	0.0
0.5032593188552767	0.3855840222710684	0.32564073068539523
0.009465010552737265	1.707121604840791e-05	0.0
0.039970428353902285	0.005913529730179668	0.0
0.0014822434928762089	0.0	5.5905457963425186e-05
0.6851216282986344	0.6038475558327987	0.5524977439555042
0.1206577965254764	0.05297609209097226	0.02708716621220222
0.03863864905849045	0.00013251469049589768	8.477195699059439e-05
0.051771049591415146	0.02305563238598166	0.013894561073731285
0.521592804488229	0.39714523723429	0.33805979386176843
0.0048783364333165	0.0	0.0
0.1634610900939621	0.09141119095734714	0.05772503732022285
0.3034436464244212	0.18555112638598428	0.140913967609741
0.06432801053451621	0.03156557224784652	0.018660912824755536
0.012700047179240042	0.005775174780316334	0.002969868810866667
0.3892942896096415	0.2815726117094703	0.22654447681483147
0.1167921023145797	0.07001387349751147	0.04984095652000752
0.06920365739082414	0.029943259978718172	0.012729654406841581
0.12850524183157247	0.09556922871171111	0.0792658502725699
0.2678305307493689	0.16780691954353028	0.10052187476219053
0.10848394919763267	0.06384878704718758	0.04303145658495276
0.007780020922475859	0.0003022080336473132	0.0
0.06500888488559464	0.022157417924767657	0.007454221492129701
0.003583747902430234	0.0	3.937193998562044e-05
0.4149991050588493	0.31681435469002717	0.2529989957853159
0.0	1.0712895377112258e-05	0.0
0.0008417692076419262	0.0	0.0
0.009075740228178933	0.0015317728690728933	0.00011308198004664465
0.07015822982685915	0.0002760335539562916	4.2659556052363455e-05
0.049146985867660475	0.01781753321844635	0.005469212461594867
0.029075262723093607	0.00020744540702788763	0.0001229642517091463
0.014782985987977327	9.263673424342311e-05	3.928310378594098e-05
0.0012776770124363415	0.0	0.0
0.01130667980555191	4.559845532307958e-05	0.0
0.1124169495545863	0.04959508978823719	0.024525564348456857
0.0017800849100083537	0.0	6.5372095953497925e-06
0.007637209312370464	0.0	0.0
0.03614510069687793	1.6582719407708113e-05	1.4412008502237214e-05
0.01939894629507396	0.005086976121181935	0.00045744123517598226
0.015522911670872087	0.0007992222698614201	0.0
0.01481508335436604	0.005554329056725764	0.002390267469851626
0.021384633370279668	7.921783785670364e-05	0.0
0.17311630233636302	0.0910819928188336	0.054799879383486495
0.022062924396478712	0.009780239294104567	0.003847468730287142
0.09758889925826658	0.004666791955234009	3.0714805315933125e-05
0.004228949320627355	0.0	0.0
0.057089270639623796	1.1043131739082827e-05	3.430750598132099e-05
0.0175661067079027	0.001707634784064901	0.0
0.14023898020943618	0.08011500844294307	0.05341250451446723
0.04319168623131484	7.514885377400173e-05	0.0
0.08003573761503381	0.00027975758250795967	0.0001389209916193507
0.015986197075816683	0.00031040686457260453	0.00024856989488802623
0.002332341843658621	0.0	0.0
0.05232758333754463	0.025053247486830243	0.018141408640188483
0.001801255749289147	6.28802416738402e-05	5.02612528550132e-05
0.3740395130933336	0.23560645363466445	0.1386568599010913
0.1515562661227125	0.10457397461743131	0.0825176470657018
0.013330198967473263	0.0	0.0
0.0006773460652934353	0.0	0.0
0.07758932998371852	0.00889400496300001	0.00034745323287595914
0.007895516488068636	0.00028125235953342046	0.0
0.011869506229743854	0.0002153325378030915	0.00010197620797431327
0.038313439235932216	0.0	0.0
0.1624665891619765	0.105969468191722	0.07721725932792124
0.04173240110058272	0.005994420145514071	0.00015654332309658191
0.8787404093273332	0.8512014635456291	0.8893193182629511
0.19997027544974508	0.09260528217672141	0.04648203292525328
0.0026561582954919664	0.00021855108719127936	0.0
0.19470548910022864	0.06290347061446948	0.013821392471138332
0.21762090214430782	0.1203462350447271	0.06961046769914993
0.0936647749583862	0.030285947689824743	0.006967932617155428
0.09946009981775224	0.07093060126000689	0.0498736371822948
0.031182148773934572	0.0024074931003878136	3.897353427026115e-05
0.030350773757243186	0.0001847961567529987	5.658032415058103e-05
0.0173844716604132	5.2166863907464854e-05	0.0
0.03272334783142005	0.0046100065050239105	0.0008064094319439425
0.32243777461341155	0.230907222616131	0.16853504107311823
0.027113264897866477	0.016061498889726505	0.010694974531504087
0.06908462537419383	0.02017249209672288	0.0048282046738686865
0.12770645893949756	0.02024166145811618	0.0010184801146303742
0.04812337494776455	0.016447449791547424	0.002952016753735254
0.08426873490688193	0.03749065798477776	0.02921384676639085
0.03419320269639648	0.0005537181735950896	0.0
0.08387692184274644	0.030055074335056716	0.0076319975357531196
0.27401685634551404	0.15519068658934504	0.088212483832764
0.007227886943824545	0.0001443303383770935	0.0
0.027088326126464685	0.016807830744279724	0.012370037747964576
0.07650436973984447	0.0366049874752199	0.0166409387772324
0.0363694253896726	4.662184459773393e-05	7.436143319202674e-05
0.08730166828875943	0.03133486795242494	0.0061725767945204684
0.2974770659606967	0.21941725631922657	0.1783684481333483
0.0339064106631063	0.019189379382646903	0.011829812375314584
0.0	3.3390722491642363e-05	3.513564096914879e-05
0.0	0.0	0.0
0.028765281270615024	0.000151756880864661	0.0
0.0002887599972186865	4.348433580545017e-05	0.00010195789261892383
0.02279844898527263	0.00596810874250307	0.003276414600507662
0.022562354635226663	0.0038902866152362324	0.0006148389699994093
0.035837289170935656	0.019830080824027877	0.013699311179242817
0.02035462911089034	0.0004252198459120905	0.0
0.002216171317022884	0.0	5.7371635331510996e-05
0.3976192327726748	0.3141067151648499	0.2438263940937529
0.11071089471752535	0.09433691394324192	0.08403839477700097
0.004446867323933976	0.0	0.0
0.0	0.0	1.91701383427164e-05
0.017467189852040946	0.00042280462862053295	0.0
0.017248998855453477	0.009416192297124745	0.004262194208094855
0.013352006461329485	0.0007080824968378465	0.00019458388165140023
0.20432888592540382	0.002251613007342952	0.0001810933990242002
0.09692190937811986	0.01706821245645566	0.0007576439490180635
0.018867886552660917	0.0	0.0
0.05627260087634149	0.007648675831129316	0.00048142124869130637
0.1465600582156612	0.07601861972327237	0.05177004474586796
0.0016254173741174	0.0	0.0
0.016093314825343055	0.0004937090989049183	0.0
0.1585866441148443	0.035065647409818594	0.003408550120661584
0.17037973486751382	0.09282620122095722	0.04922687440990911
0.033158143868137056	0.004121772362825992	0.00031476330184905185
0.2239850475976224	0.11108163703710355	0.06155479967345425
0.29124418901754223	0.19116638904769848	0.1573777898976949
0.003135554092650413	1.8007599023775467e-05	2.2306036619564734e-05
0.13976411195225474	0.035713918685370896	0.0018010253986215034
0.1763767457750928	0.03890343974440736	0.0025579794885776065
0.0074121324993711235	0.00011949978899376216	0.0
0.004633136119420047	0.0	7.502028995127856e-06
0.040798783421909665	0.0002660334542663413	0.00013276939403436116
0.05049632835439742	0.03279687947184893	0.022623421410598914
0.10775889089189945	0.00022834743935251905	7.06256493801568e-05
0.5280260035773626	0.4335795839312851	0.3698764948679562
0.03454813585744815	0.004491275413174382	0.0005243636359974786
0.1698795758893469	0.09169130736707755	0.045213205282782554
0.03708956981961231	0.0050402880076445946	0.00017486073747179347
0.06483187006355988	0.0049421269553074675	4.816934770940796e-05
0.06292744785901754	0.0351102933691408	0.027877864259931617
0.21078916200000644	0.07285004147528468	0.012637658898551063
0.7127460150962146	0.5806635716225932	0.54914746664856
0.08717331983689398	0.05498949045871504	0.03786597097900314
0.00016218168918989955	0.0	3.2967249815087085e-06
0.10236760107517112	0.048430596935332526	0.020747872628599603
0.18210897156860445	0.05634459974494574	0.013394047059573474
0.0418323771487053	0.005320029602964787	0.0006472633486899072
0.04113344907121622	0.020258857795465594	0.011118822748460915
0.025728527718333546	0.014408314221611044	0.01081580763826499
0.028132530612028864	0.0006660920065133776	0.00011680648340741274
0.003759817106032259	0.0	0.0
0.03641628344073766	0.011604979468294682	0.009822972543227095
0.07509618859992107	0.02507261881700123	0.007193580777571591
0.11778737525181542	0.08365135891433202	0.0614811849040603
0.02625412355325513	0.00037526251216341185	1.4877158592978973e-05
0.18995713293719488	0.10125850904322922	0.062223247655961676
0.0033509825610610012	0.0	0.0
0.27899939655848255	0.21328570777249484	0.18036783970250556
0.22986635019073764	0.0786715526385628	0.013018577125740591
0.020842511142333903	0.00021597770346875548	7.696906793134683e-05
0.1322047947510843	0.010474354271746363	2.270024851042541e-05
0.02417200836439542	0.0032316340229393047	0.00026868310932440416
0.007793294252464733	6.0681523245885785e-05	0.0
0.013926096072893395	2.7743306049034418e-05	0.0
0.4261999497095866	0.32081684840482294	0.253077455267325
0.06754432723287897	0.030099801409860103	0.01622670453314683
0.08509972215271955	0.026720195415885373	0.008190529427049509
0.0008019578835682141	0.0	4.309719242133036e-05
0.4872488944819494	0.3560212713882123	0.24150657313968585
0.436471160840516	0.2916577951480474	0.2070453020607942
0.019998078501556455	9.2397801067093e-05	0.0
0.033317868545968174	0.00010999426080505678	7.786061514595492e-05
0.510066366675586	0.38691339271475145	0.3116007599881315
0.320555851716758	0.23632676571215477	0.18263533385398134
0.048586043818595874	0.00272911170536752	0.0004959545749873154
0.04409970245202498	0.003631425272539043	4.0994588802169274e-05
0.09504534939206305	0.07620882989931203	0.06312348063143525
0.2716019821565845	0.19671785676891257	0.147659496939536
0.014854407117531276	3.3376972699436513e-05	0.0
0.8553300838854504	0.7141156659410608	0.4675838052306824
0.22130113497803108	0.07011435011032674	0.012570612761600784
0.0054240009863107215	0.0	0.0
0.019220259289797037	0.0	0.0
0.2296130723584434	0.08027220819592343	0.0187035620628548
0.3756606797093628	0.23744388307510086	0.15776668112179484
0.27805658573667297	0.15632822979338848	0.08947734131651591
0.3456459732259537	0.22027656094093506	0.16396680065287922
0.0864605403648868	0.0011660376375984861	8.351814656870626e-05
0.6300009537647006	0.49690475531043954	0.30787593814432
0.04215002683957743	0.0001094746838485013	4.459108797399969e-05
0.012135751359040721	0.000708304655391118	0.0002533707845661162
0.024618338923771427	0.00420824710288968	0.0007443045828269771
0.009716945039665675	0.0	6.585394648645458e-05
0.17521241499485235	0.10382898646758738	0.07989299967605543
0.007684638289485954	2.7248032681576745e-05	0.0001166207631798739
0.0010649720846803669	0.00011711290688370696	0.0
0.2671813171006461	0.09828721292323682	0.028461150565575914
0.01947711745476892	0.00019548472746743883	1.9531375959774312e-05
0.13680516233764858	0.03343492405522666	0.00232743998564472
0.05543231177606717	0.036502578538531935	0.016440028515049145
0.18135154968762227	0.15850705369910523	0.1382601723965399
0.00336038240816578	0.0	0.0
0.5373980761389293	0.44503787265265454	0.3740054624508732
0.013016001786802237	0.00041256672798284377	0.0
0.05993059790949432	0.00014846389332145125	0.0
0.0836016558733567	0.006064065426648903	0.0
0.03895947492185793	0.00014706038013309088	0.0
0.1561186927621331	0.09288168633974152	0.05962905834047479
0.05356280470364922	0.0007405203622496024	6.908249471174535e-06
0.0003639875499707448	0.0	0.0
0.012499779637702966	0.0	0.0
0.15403579432472952	0.03777007086356058	0.0038438111538177727
0.0879946085512681	0.05352092449851498	0.039732790627633754
0.12209281523079768	0.016331966690193912	0.00016695872643565646
0.13122864352801875	0.06308895242725839	0.04307175540799585
0.02599837222375462	0.005025698589570598	0.0008271780814215904
0.07874656350737803	0.0002790155324647091	2.605590989159922e-05
0.23485269339786025	0.12076232831793843	0.06420892626062444
0.04785907200240326	0.026612432614797902	0.010199092827193158
0.1642728114714756	0.07636324800743814	0.0406166410893491
0.006553341277753714	0.0	0.0
0.4595963539085495	0.3316896234457099	0.27325940092370943
0.0870789213429157	0.05383780353851644	0.0385478978704784
0.11159850640624923	0.024091052733363552	0.004126246028467235
0.0028206390032003105	0.0	0.0
0.0009165319295708785	0.0	0.0
0.0005974680406295061	0.0	5.024742512519265e-05
0.07719364148124326	0.04000438911272634	0.027716351549761913
0.05532251535611946	0.03918798168657912	0.03035741329840243
0.11570352999395393	0.07294726942669534	0.05100340874758831
0.05325466513243653	9.266481636095811e-05	0.0
0.0658451605011142	0.0004006624075035556	6.337463060565596e-05
0.01031678858053096	0.0	0.0
0.011654006931781348	0.005251197141444786	0.0008551380275537493
0.04496548807495263	0.02039472811208385	0.013558507695771216
0.0239359446666117	0.01415896228998573	0.008190165790330717
0.15522308200694596	0.0988501547057836	0.07457284976486218
0.11713107122041554	0.09120913184605306	0.07389469825770133
0.027704954036865456	0.006189363754385876	0.001559952482316912
0.07399006093656117	0.0255844624947426	0.005766239107369556
0.05849609284995529	0.031002092818260215	0.017769609746295715
0.038203438193547316	0.01824394431969135	0.008934393841811043
0.061530734160960755	6.830761480619042e-05	0.0
0.06783304080697185	0.03465613665462778	0.01633388717484935
0.015402799576040283	0.00012123132950193124	2.4110846008905222e-05
0.008500350747626537	0.0	0.0
0.3616876575224344	0.2652143882592141	0.2105044231463523
0.06699948949972553	0.0266075492069725	0.008616493171252085
