cpm	log_cpm	hour_start	hour_end	window_length	log_window_length	start_hour_of_day	end_hour_of_day	publisher_count	audience_size	log_audience_size	audience_sex_mean	audience_sex_median	audience_sex_max	audience_age_mean	audience_age_median	audience_age_max	audience_city_id_mean	audience_city_id_median	audience_city_id_max	audience_user_impressions_mean	audience_user_impressions_median	audience_user_impressions_max	audience_user_active_hours_mean	audience_user_active_hours_median	audience_user_active_hours_max	audience_user_publishers_mean	audience_user_publishers_median	audience_user_publishers_max	audience_user_cpm_mean_mean	audience_user_cpm_mean_median	audience_user_cpm_mean_max	audience_user_cpm_median_mean	audience_user_cpm_median_median	audience_user_cpm_median_max	audience_user_cpm_max_mean	audience_user_cpm_max_median	audience_user_cpm_max_max	audience_user_hour_mean_mean	audience_user_hour_mean_median	audience_user_hour_mean_max	audience_user_hour_std_mean	audience_user_hour_std_median	audience_user_hour_std_max	publisher_pub_impressions_mean	publisher_pub_impressions_median	publisher_pub_impressions_max	publisher_pub_users_mean	publisher_pub_users_median	publisher_pub_users_max	publisher_pub_cpm_mean_mean	publisher_pub_cpm_mean_median	publisher_pub_cpm_mean_max	publisher_pub_cpm_median_mean	publisher_pub_cpm_median_median	publisher_pub_cpm_median_max	publisher_pub_cpm_p75_mean	publisher_pub_cpm_p75_median	publisher_pub_cpm_p75_max	publisher_pub_cpm_p90_mean	publisher_pub_cpm_p90_median	publisher_pub_cpm_p90_max	publisher_pub_cpm_p95_mean	publisher_pub_cpm_p95_median	publisher_pub_cpm_p95_max	publisher_pub_hour_mean_mean	publisher_pub_hour_mean_median	publisher_pub_hour_mean_max	publisher_pub_hour_std_mean	publisher_pub_hour_std_median	publisher_pub_hour_std_max	recent_31d_audience_impressions	recent_31d_audience_log_impressions	recent_31d_audience_active_entities	recent_31d_audience_active_entity_share	recent_31d_audience_sessions	recent_31d_audience_sessions_per_user	recent_31d_audience_cpm_mean	recent_31d_audience_win_rate	recent_31d_publishers_impressions	recent_31d_publishers_log_impressions	recent_31d_publishers_active_entities	recent_31d_publishers_active_entity_share	recent_31d_publishers_sessions	recent_31d_publishers_sessions_per_user	recent_31d_publishers_cpm_mean	recent_31d_publishers_win_rate	recent_31d_intersection_impressions	recent_31d_intersection_log_impressions	recent_31d_intersection_active_users	recent_31d_intersection_active_user_share	recent_31d_intersection_sessions	recent_31d_intersection_sessions_per_user	recent_31d_intersection_cpm_mean	recent_31d_intersection_win_rate	cpm_to_pub_p90	cpm_to_pub_p95	shift_replay_at_least_one	shift_replay_at_least_two	shift_replay_at_least_three
220.0	5.3981627015177525	1058.0	1153.0	96.0	4.574710978503383	2.0	1.0	2.0	1906.0	7.553286605600419	1.4622245540398742	1.0	2.0	28.72140608604407	27.0	118.0	54.61752360965372	25.0	201.0	40.56715634837356	15.0	884.0	29.67156348373557	13.0	396.0	1.3866736621196223	1.0	6.0	277.1929687383413	171.01733333333334	5845.95125	223.06497114375654	130.0	4233.47	935.2354879328436	596.1949999999999	56579.07	12.481497193201402	13.142857142857142	23.0	4.698193802428757	5.218127531747957	16.263455967290593	33614.5	33614.5	66134.0	2847.5	2847.5	5590.0	209.94589528932056	209.94589528932056	244.46882254211147	110.36	110.36	130.0	228.3975	228.3975	269.0	446.5955000000002	446.5955000000002	528.0790000000003	679.8554999999999	679.8554999999999	765.0	13.949551015352391	13.949551015352391	14.046575342465754	6.126614245284843	6.126614245284843	6.445143620323319	38082.0	10.547523267314807	1603.0	0.8410283315844701	19038.0	9.988457502623294	182.5262743553386	0.7711648547870384	32789.0	10.397878869838694	2.0	0.001049317943336831	19428.0	10.193074501573976	239.1588496141999	0.6993808899325994	2316.0	7.748028524432376	291.0	0.15267576075550893	1333.0	0.6993704092339978	242.95447754749566	0.7016407599309153	0.4926102859266837	0.32359579649060366	0.037250786988457504	0.012067156348373556	0.005771248688352571
312.0	5.746203190540153	1295.0	1301.0	7.0	2.0794415416798357	23.0	5.0	2.0	1380.0	7.2305631534092925	1.4673913043478262	1.0	2.0	28.61159420289855	26.0	118.0	245.16666666666666	34.0	2446.0	128.9905797101449	105.0	1226.0	89.81376811594203	76.0	486.0	1.7492753623188406	2.0	6.0	179.03949399176602	139.70145912480652	3378.985409836065	129.3131195652174	100.0	2425.92	1233.348695652174	807.665	36395.6	13.239539703902157	13.382016890213611	18.652173913043477	5.880136940550589	5.765474300082291	9.140624727455078	36160.0	36160.0	72124.0	1525.5	1525.5	3011.0	150.55609643369297	150.55609643369297	195.89928470412067	89.325	89.325	100.15	169.9225	169.9225	206.6	299.1695	299.1695	391.9340000000001	417.0447499999999	417.0447499999999	592.5169999999998	13.436927785367377	13.436927785367377	13.510204081632653	6.114497217981209	6.114497217981209	6.29734114810347	91285.0	11.421752714189914	1376.0	0.9971014492753624	37857.0	27.432608695652174	166.62785835569895	0.8842635701374815	37391.0	10.52921205677864	2.0	0.0014492753623188406	17397.0	12.606521739130434	197.05216014548955	0.8575459335134124	5950.0	8.691314551644853	130.0	0.09420289855072464	2096.0	1.518840579710145	167.10038319327734	0.8742857142857143	1.0428696295974422	0.7481121856565076	0.014492753623188406	0.0007246376811594203	0.0
70.0	4.2626798770413155	1229.0	1249.0	21.0	3.091042453358316	5.0	1.0	6.0	888.0	6.790097235513905	1.4673423423423424	1.0	2.0	29.05518018018018	28.0	117.0	243.57207207207207	25.0	2446.0	43.97747747747748	16.0	633.0	31.800675675675677	12.5	358.0	1.365990990990991	1.0	5.0	281.2360386351873	154.96018134715024	27561.84388888889	211.63804617117117	115.815	8075.805	1075.106891891892	574.95	209053.98	12.312115871636122	13.141978071156858	23.0	4.716970143044714	5.325313552643881	16.263455967290593	174739.0	41144.5	692535.0	4451.5	2654.5	15426.0	145.8830840296007	165.8825164146785	203.13462299981322	84.77	90.075	126.52	163.4729166666667	190.09375	234.48	297.3031666666667	339.52049999999997	415.84399999999994	429.3426666666664	501.12449999999933	601.6	12.946204785378285	13.335579706444673	13.952127659574469	6.140555821325985	6.26068177587068	6.454610954179945	19524.0	9.879450974707886	745.0	0.838963963963964	9454.0	10.646396396396396	197.3449554394591	0.3191712763777914	524737.0	13.170654369389005	5.0	0.00563063063063063	258006.0	290.5472972972973	183.1892325869912	0.32209659315047345	17343.0	9.761001904239373	660.0	0.7432432432432432	8551.0	9.629504504504505	199.08720809548518	0.3091160698841031	0.23544593740837927	0.16303803522087396	0.10191441441441441	0.019144144144144143	0.0
240.0	5.484796933490655	1295.0	1377.0	83.0	4.430816798843313	23.0	9.0	2.0	440.0	6.089044875446846	1.4545454545454546	1.0	2.0	27.763636363636362	26.0	117.0	54.25909090909091	25.0	201.0	38.66590909090909	15.5	422.0	28.35909090909091	12.0	241.0	1.384090909090909	1.0	5.0	253.80321415834095	172.71947172619048	1965.2740000000001	204.5784090909091	130.0	1543.69	939.3878181818183	553.76	56579.07	12.45485054383086	13.196774193548386	23.0	4.503758419130489	5.112890351094816	16.263455967290593	346795.0	346795.0	692535.0	7776.5	7776.5	15426.0	187.4631752244664	187.4631752244664	197.3588530805687	110.29499999999999	110.29499999999999	115.57	208.89249999999998	208.89249999999998	212.785	379.44000000000005	379.44000000000005	394.80000000000007	594.6974999999989	594.6974999999989	657.4289999999992	12.684559649097414	12.684559649097414	13.307507923787245	5.463329782025011	5.463329782025011	6.224022403637888	8483.0	9.045937315684574	368.0	0.8363636363636363	4287.0	9.743181818181819	186.92694211953338	0.7891076270187434	349799.0	12.76511684156664	2.0	0.004545454545454545	171476.0	389.7181818181818	178.56657426121865	0.8000837623892578	5107.0	8.53856321715243	213.0	0.48409090909090907	2576.0	5.8545454545454545	190.06685333855492	0.785000979048365	0.6325027342566115	0.40356312610086637	0.2340909090909091	0.12045454545454545	0.07670454545454546
262.0	5.572154032177765	752.0	990.0	239.0	5.480638923341991	8.0	6.0	4.0	1476.0	7.29776828253138	1.3868563685636857	1.0	2.0	44.760840108401084	44.0	50.0	259.35027100271003	29.0	2436.0	35.52439024390244	11.0	626.0	25.48441734417344	9.0	377.0	1.3794037940379404	1.0	5.0	327.26117222673554	199.00444	8063.0599999999995	271.45090108401087	155.0	8063.0599999999995	977.026307588076	601.6	38282.14	12.360859498524738	13.5	23.0	4.426283815876447	5.082503862470213	13.0	208604.5	69129.0	692535.0	6162.0	4300.5	15426.0	183.2748501191663	186.73339103624238	244.46882254211147	104.405	102.58500000000001	130.0	204.92000000000002	205.8	269.0	378.8262500000001	378.00700000000006	528.0790000000003	548.6207499999996	562.2414999999992	765.0	13.29071462873037	13.335579706444673	13.85252668823903	6.109221279163811	6.165729549152702	6.29734114810347	25310.0	10.138994362833737	1182.0	0.8008130081300813	12876.0	8.723577235772357	219.07910391149707	0.7761161596207032	407955.0	12.918914604433555	4.0	0.0027100271002710027	206834.0	140.13143631436316	176.81465762155145	0.8370665882266426	20714.0	9.938613354511503	945.0	0.6402439024390244	10699.0	7.2486449864498645	222.9868832673554	0.773317563000869	0.6916008117070594	0.47755687734307073	0.40176151761517614	0.2886178861788618	0.22764227642276422
141.0	4.955827057601261	1288.0	1322.0	35.0	3.58351893845611	16.0	2.0	4.0	856.0	6.75343791859778	1.4894859813084111	1.0	2.0	30.628504672897197	28.0	118.0	848.9953271028037	654.0	2455.0	43.179906542056074	17.0	429.0	31.80841121495327	15.0	237.0	1.4450934579439252	1.0	5.0	218.35184875477637	138.43795180722893	7074.0975	170.5970093457944	101.28999999999999	6919.005	813.8165887850467	484.365	58156.98	12.8288845096847	13.492424242424242	23.0	4.785579751502563	5.271416195992064	12.727922061357855	20085.25	3826.5	72124.0	949.5	377.0	3011.0	140.97997712000318	134.68066566153095	195.89928470412067	79.87	81.225	100.15	158.42000000000002	157.13375000000002	206.6	287.11000000000007	273.08649999999994	391.9340000000001	419.42274999999995	390.08699999999993	592.5169999999998	13.401659936297659	13.507669835911528	13.952127659574469	6.170157377449116	6.202388921385493	6.454610954179945	18907.0	9.847340391913127	730.0	0.852803738317757	9421.0	11.005841121495328	162.21375363621942	0.6558681969640874	41372.0	10.630383773142448	4.0	0.004672897196261682	20155.0	23.54556074766355	188.84986029198492	0.6382940152760321	1495.0	7.310550158534422	90.0	0.10514018691588785	787.0	0.919392523364486	224.23577257525082	0.5899665551839465	0.4910924194138236	0.33617232050096835	0.02219626168224299	0.002336448598130841	0.0
250.0	5.5254529391317835	1198.0	1451.0	254.0	5.541263545158426	22.0	11.0	6.0	336.0	5.820082930352362	1.3988095238095237	1.0	2.0	44.76190476190476	44.0	50.0	241.26785714285714	19.0	2416.0	33.910714285714285	12.0	460.0	24.425595238095237	11.0	248.0	1.3720238095238095	1.0	5.0	404.93362169045366	191.36291666666665	27561.84388888889	292.02473214285715	154.12	8075.805	1669.6047916666666	603.3	209053.98	12.540575477854029	13.090591397849462	23.0	4.317399615918043	4.955463238212918	13.0	139232.33333333334	35183.0	692535.0	4232.666666666667	2164.0	15426.0	163.13048056670993	162.56978914660976	244.46882254211147	93.94500000000001	95.075	130.0	188.295	205.0	269.0	346.74300000000017	352.22	528.0790000000003	495.82791666666645	502.9389999999994	765.0	13.224311289807249	13.335579706444673	13.85252668823903	6.169281486646576	6.26068177587068	6.428701479725025	5640.0	8.637816633739977	276.0	0.8214285714285714	2949.0	8.776785714285714	282.71106560283675	0.7321808510638298	415533.0	12.937319719051361	6.0	0.017857142857142856	207977.0	618.9791666666666	182.14669937165036	0.8120245564130887	4446.0	8.399984990510696	226.0	0.6726190476190477	2435.0	7.247023809523809	290.625530814215	0.7469635627530364	0.720984692053018	0.5042021043715165	0.4330357142857143	0.31547619047619047	0.25
280.0	5.638354669333745	1029.0	1070.0	42.0	3.7612001156935624	21.0	14.0	3.0	616.0	6.424869023905388	1.4448051948051948	1.0	2.0	28.571428571428573	26.0	118.0	234.94805194805195	29.0	2399.0	43.743506493506494	16.0	573.0	32.1948051948052	12.0	293.0	1.4123376623376624	1.0	6.0	235.7623705009597	156.39207957957956	3829.58	192.4471996753247	120.0	3829.58	785.6339935064934	528.7	8336.7	12.572457436289591	13.5	23.0	4.558482516084856	5.137746971139036	13.0	343902.0	273037.0	692535.0	8985.0	5939.0	15426.0	208.39031430342956	203.13462299981322	244.46882254211147	120.51333333333332	126.52	130.0	236.16	234.48	269.0	436.00100000000003	415.84399999999994	528.0790000000003	632.8553333333329	601.6	765.0	13.528322010525825	13.424931419551196	13.85252668823903	6.139336073579511	6.224022403637888	6.385900946854277	13294.0	9.49514330367712	520.0	0.8441558441558441	6597.0	10.709415584415584	178.24328343613678	0.8389875131638334	507559.0	13.13737020951085	3.0	0.00487012987012987	253566.0	411.6331168831169	181.28983615697877	0.8419602450158504	11259.0	9.329011901693681	461.0	0.7483766233766234	5858.0	9.50974025974026	171.74018562927435	0.847544186872724	0.6421929973440732	0.4424356927621211	0.2824675324675325	0.1331168831168831	0.040584415584415584
270.0	5.602118820879701	978.0	994.0	17.0	2.8903717578961645	18.0	10.0	2.0	484.0	6.184148890937483	1.4359504132231404	1.0	2.0	32.14462809917355	31.0	118.0	173.73553719008265	14.0	2308.0	16.859504132231404	7.0	231.0	13.520661157024794	6.0	163.0	1.2913223140495869	1.0	5.0	612.4060106083239	431.29055555555556	20248.7	529.514638429752	365.6875	20248.7	1666.4284297520662	1040.23	28331.84	11.880098205718172	13.0	23.0	4.50687259665243	4.9533879638649925	15.556349186104045	138532.5	138532.5	273037.0	3036.0	3036.0	5939.0	150.89695772632172	150.89695772632172	203.13462299981322	91.7	91.7	126.52	173.64625	173.64625	234.48	313.08850000000007	313.08850000000007	415.84399999999994	455.7454999999999	455.7454999999999	601.6	13.538309801136075	13.538309801136075	13.651688182720953	6.103570829849904	6.103570829849904	6.385900946854277	3926.0	8.27563105457801	362.0	0.7479338842975206	2555.0	5.278925619834711	528.4240906775347	0.41136016301579215	137169.0	11.828976311472452	2.0	0.004132231404958678	67113.0	138.66322314049586	193.3171081658392	0.8161027637439946	910.0	6.814542897259958	100.0	0.2066115702479339	617.0	1.274793388429752	500.0916923076923	0.36923076923076925	0.8623622017065188	0.5924294103901149	0.010330578512396695	0.002066115702479339	0.0
250.0	5.5254529391317835	1440.0	1442.0	3.0	1.3862943611198906	0.0	2.0	2.0	972.0	6.880384082186005	1.4650205761316872	1.0	2.0	29.09567901234568	27.0	118.0	54.57818930041152	25.0	201.0	39.825102880658434	14.0	884.0	29.016460905349795	12.0	396.0	1.368312757201646	1.0	6.0	283.39251141716204	170.5212272727273	5521.808333333333	229.43106481481482	130.99	4233.47	962.7252469135802	598.325	56579.07	12.398434833961048	13.070719602977668	23.0	4.621365904131818	5.196524280315925	16.263455967290593	172580.5	172580.5	273037.0	4475.0	4475.0	5939.0	199.51695385196695	199.51695385196695	203.13462299981322	113.33500000000001	113.33500000000001	126.52	220.54	220.54	234.48	403.889	403.889	415.84399999999994	597.0584999999999	597.0584999999999	601.6	13.394291454326648	13.394291454326648	13.424931419551196	6.341621047478874	6.341621047478874	6.385900946854277	19768.0	9.891870333195937	812.0	0.8353909465020576	9691.0	9.970164609053498	197.83341005665721	0.7884206798866855	176053.0	12.078546045143034	2.0	0.00205761316872428	83583.0	85.99074074074075	207.62134260705585	0.771188221728684	7056.0	8.86177531100083	305.0	0.31378600823045266	3251.0	3.344650205761317	208.6323256802721	0.7806831065759637	0.6189742853322902	0.41871593222496445	0.0051440329218107	0.0	0.0
160.0	5.081404364984463	808.0	841.0	34.0	3.5553480614894135	16.0	1.0	6.0	900.0	6.803505257608338	1.491111111111111	1.0	2.0	28.734444444444446	26.0	118.0	233.60777777777778	20.0	2444.0	40.42333333333333	14.0	938.0	29.464444444444446	11.0	462.0	1.3577777777777778	1.0	5.0	260.1005932443357	150.6605303030303	3657.75	206.64197222222222	110.25	3657.75	988.6060111111111	570.165	53545.17	12.314574943709466	13.242647058823529	23.0	4.516682521302179	5.121056090187942	12.741009902410928	139488.83333333334	36034.5	692535.0	4136.333333333333	1880.0	15426.0	142.77857421457603	141.39020276581468	244.46882254211147	81.44500000000001	89.325	130.0	159.60083333333333	169.1225	269.0	297.9163333333334	285.2425	528.0790000000003	418.6759166666664	408.4829999999993	765.0	13.071918762245877	13.335579706444673	13.85252668823903	5.9679612602611165	6.077837845748418	6.29734114810347	17911.0	9.79322615827859	731.0	0.8122222222222222	8738.0	9.70888888888889	187.15141756462504	0.6483166769024622	411734.0	12.928135217503808	6.0	0.006666666666666667	208320.0	231.46666666666667	177.34726646329906	0.668465562717677	12794.0	9.456809748593889	581.0	0.6455555555555555	6450.0	7.166666666666667	194.10203767390965	0.6476082538690011	0.5370545244605958	0.382152597911178	0.19777777777777777	0.057777777777777775	0.006666666666666667
160.0	5.081404364984463	958.0	1192.0	235.0	5.4638318050256105	22.0	16.0	3.0	640.0	6.46302945692067	1.4953125	1.0	2.0	28.8046875	27.0	118.0	245.471875	31.5	2364.0	39.659375	13.0	633.0	28.5421875	11.0	358.0	1.35625	1.0	6.0	253.5724141470392	157.80988165680475	7074.0975	210.7759296875	120.0	6919.005	813.0028437499999	542.97	27482.43	12.597976699694447	13.413105413105413	23.0	4.502533373476825	5.092071873017973	13.435028842544403	258274.66666666666	72124.0	692535.0	6911.666666666667	3011.0	15426.0	157.28507820189563	177.56749736836406	195.89928470412067	90.7	100.15	105.02	175.39000000000001	205.0	206.6	320.338	364.08	391.9340000000001	469.39099999999934	531.9659999999986	592.5169999999998	13.02598247030727	13.307507923787245	13.363651489102102	6.230992973187895	6.224022403637888	6.29734114810347	12949.0	9.468851067127684	524.0	0.81875	6168.0	9.6375	178.76868329600754	0.6614024248976755	384750.0	12.860351650788067	3.0	0.0046875	191207.0	298.7609375	173.25154201429496	0.6750175438596491	8468.0	9.0441677169216	332.0	0.51875	3954.0	6.178125	172.47141237600374	0.6646197449220596	0.49946463634291993	0.34086357787454563	0.321875	0.2234375	0.171875
80.0	4.394449154672439	1031.0	1040.0	10.0	2.3978952727983707	23.0	8.0	5.0	624.0	6.437751649736401	1.4711538461538463	1.0	2.0	89.68429487179488	91.0	118.0	283.82852564102564	19.0	2401.0	37.57852564102564	12.0	456.0	27.897435897435898	10.5	293.0	1.3782051282051282	1.0	5.0	241.09555735349886	155.05214285714285	4375.875	195.85508814102565	118.0125	4375.875	810.562435897436	555.0	7996.75	12.452287780218565	13.1875	23.0	4.577607374736771	5.292382077274301	13.435028842544403	82994.8	66134.0	273037.0	3040.8	3011.0	5939.0	189.24723114754877	195.89928470412067	244.46882254211147	109.51199999999999	108.44	130.0	212.1375	211.5275	269.0	394.2830000000001	404.346	528.0790000000003	577.1941999999999	601.6	765.0	13.48938973547042	13.424931419551196	14.166666666666666	6.135219099491765	6.107436694667515	6.385900946854277	11298.0	9.332469505209247	513.0	0.8221153846153846	5841.0	9.360576923076923	188.17790316870227	0.3628518321826872	204638.0	12.22900273017055	5.0	0.008012820512820512	103460.0	165.80128205128204	198.63619748042885	0.3495733930159599	5432.0	8.600246746551523	278.0	0.44551282051282054	2910.0	4.663461538461538	194.81838917525772	0.3403902798232695	0.20289737450797382	0.13860033070038907	0.014423076923076924	0.0	0.0
120.0	4.795790545596741	866.0	1084.0	219.0	5.393627546352362	2.0	4.0	2.0	308.0	5.733341276897746	1.5129870129870129	2.0	2.0	29.33116883116883	26.0	118.0	274.80194805194805	25.0	2445.0	42.75974025974026	16.0	416.0	30.873376623376622	13.0	194.0	1.4188311688311688	1.0	5.0	246.63017572734154	153.70928571428573	3557.097894736842	201.99180194805194	120.73500000000001	3412.94	806.0003246753246	527.55	14894.85	12.277924887810103	13.252164502164502	23.0	4.6484413193148715	5.225302089494329	13.435028842544403	382329.5	382329.5	692535.0	9218.5	9218.5	15426.0	186.73339103624238	186.73339103624238	195.89928470412067	102.58500000000001	102.58500000000001	105.02	205.8	205.8	206.6	378.00700000000006	378.00700000000006	391.9340000000001	562.2414999999992	562.2414999999992	592.5169999999998	13.335579706444673	13.335579706444673	13.363651489102102	6.26068177587068	6.26068177587068	6.29734114810347	6528.0	8.784009071186633	260.0	0.8441558441558441	3269.0	10.613636363636363	175.0645327818626	0.5397518382352942	376610.0	12.83896810348813	2.0	0.006493506493506494	186311.0	604.9058441558442	173.00399487533522	0.5658997371285945	4100.0	8.31898612539206	175.0	0.5681818181818182	2044.0	6.636363636363637	176.4986658536585	0.5401219512195122	0.3174502396749309	0.213429518903186	0.3246753246753247	0.2086038961038961	0.16071428571428573
55.0	4.02535169073515	958.0	1096.0	139.0	4.941642422609304	22.0	16.0	1.0	848.0	6.744059186311348	1.5117924528301887	2.0	2.0	27.06367924528302	27.0	28.0	268.8160377358491	59.0	2451.0	46.62971698113208	19.0	765.0	33.23466981132076	14.5	333.0	1.3997641509433962	1.0	6.0	281.0017866895752	177.3798065764023	10592.346363636363	233.46571933962264	139.54500000000002	11118.24	1037.8931014150944	605.5	55909.62	12.497492588762134	13.023809523809524	23.0	4.76898902179899	5.289924660642233	12.727922061357855	273037.0	273037.0	273037.0	5939.0	5939.0	5939.0	203.13462299981322	203.13462299981322	203.13462299981322	126.52	126.52	126.52	234.48	234.48	234.48	415.84399999999994	415.84399999999994	415.84399999999994	601.6	601.6	601.6	13.424931419551196	13.424931419551196	13.424931419551196	6.385900946854277	6.385900946854277	6.385900946854277	19957.0	9.901385344444257	709.0	0.8360849056603774	9600.0	11.320754716981131	190.08483389286977	0.2203236959462845	135406.0	11.816040336794588	1.0	0.0011792452830188679	66156.0	78.01415094339623	196.18881135252502	0.20769389835014695	5090.0	8.535229553902337	200.0	0.2358490566037736	2550.0	3.0070754716981134	218.06007858546164	0.13762278978388998	0.13225954613333207	0.0914221125156872	0.047759433962264154	0.02358490566037736	0.015919811320754717
89.0	4.499809670330265	1328.0	1339.0	12.0	2.5649493574615367	8.0	19.0	3.0	1020.0	6.928537818164665	1.4950980392156863	1.0	2.0	25.52843137254902	22.0	118.0	0.0	0.0	0.0	34.055882352941175	11.0	485.0	25.31078431372549	9.0	278.0	1.1950980392156862	1.0	5.0	193.81515476086045	126.51503731343284	7417.164	157.40145588235296	97.75	5872.95	685.5224607843138	398.19000000000005	54373.77	11.533880702289627	12.868873403019744	23.0	4.254255080325737	5.04735146039436	15.556349186104045	95041.33333333333	10165.0	273037.0	2913.3333333333335	2298.0	5939.0	138.96996898620458	115.38683142559833	203.13462299981322	90.71166666666666	78.685	126.52	161.35	135.0	234.48	289.152	246.61200000000008	415.84399999999994	409.0186666666662	341.76599999999917	601.6	12.98466262930902	13.122268470343393	13.424931419551196	6.315347246682319	6.385900946854277	6.388525425370356	17738.0	9.78352088448894	767.0	0.7519607843137255	9108.0	8.929411764705883	168.3214635246364	0.4346600518660503	144165.0	11.878720692397813	3.0	0.0029411764705882353	72127.0	70.71274509803922	200.1281165331391	0.35690007976970833	4841.0	8.485083137498004	225.0	0.22058823529411764	2388.0	2.3411764705882354	164.44046064862633	0.42119396818839083	0.3077912691029441	0.21759132112159793	0.023529411764705882	0.000980392156862745	0.0
212.0	5.3612921657094255	929.0	961.0	33.0	3.5263605246161616	17.0	1.0	3.0	728.0	6.591673732008658	1.4766483516483517	1.0	2.0	28.744505494505493	27.0	118.0	260.95604395604397	24.5	2447.0	41.792582417582416	14.0	476.0	30.392857142857142	12.0	261.0	1.3214285714285714	1.0	6.0	277.3638201876668	157.73527472527473	14738.92	232.5297870879121	124.2775	14738.92	861.6528021978022	540.0	32175.57	12.371418300787349	13.34016608851046	23.0	4.479900107343122	5.203746725045576	16.263455967290593	343902.0	273037.0	692535.0	8985.0	5939.0	15426.0	208.39031430342956	203.13462299981322	244.46882254211147	120.51333333333332	126.52	130.0	236.16	234.48	269.0	436.00100000000003	415.84399999999994	528.0790000000003	632.8553333333329	601.6	765.0	13.528322010525825	13.424931419551196	13.85252668823903	6.139336073579511	6.224022403637888	6.385900946854277	15218.0	9.6302999262348	587.0	0.8063186813186813	7328.0	10.065934065934066	180.58829018267835	0.7718819818635826	511361.0	13.144833033251267	3.0	0.004120879120879121	255556.0	351.03846153846155	182.00617158915125	0.7654064349842871	13670.0	9.523032079931992	510.0	0.7005494505494505	6639.0	9.119505494505495	180.902552304316	0.7728968544257498	0.48623184084622684	0.3349870245198917	0.20467032967032966	0.09478021978021978	0.02197802197802198
474.0	6.163314804034641	1001.0	1005.0	5.0	1.791759469228055	17.0	21.0	6.0	1660.0	7.415175109613295	1.4120481927710844	1.0	2.0	33.10180722891566	32.0	118.0	171.71144578313252	11.0	2416.0	11.852409638554217	4.0	183.0	9.798795180722891	4.0	135.0	1.2132530120481928	1.0	5.0	894.4691803972536	696.646125	27561.84388888889	745.8597228915663	570.0	20248.7	2517.1038373493975	1440.0	209053.98	11.73491799887911	13.0	23.0	3.9586205396645293	4.579075940587585	16.263455967290593	69586.66666666667	36034.5	273037.0	2558.6666666666665	1880.0	5939.0	155.36888514527067	150.55609643369297	244.46882254211147	89.19500000000001	89.325	130.0	176.51416666666668	169.9225	269.0	326.0853333333334	300.59200000000004	528.0790000000003	459.40658333333323	438.7584999999999	765.0	13.304452307836163	13.394291454326648	13.85252668823903	6.181692793242898	6.267081446232749	6.430354762032295	9698.0	9.179778066393542	1187.0	0.7150602409638555	6845.0	4.123493975903615	833.879239018355	0.4410187667560322	205866.0	12.234985608194267	6.0	0.0036144578313253013	104532.0	62.971084337349396	197.75597388592575	0.9211890258711978	4598.0	8.433594167539924	689.0	0.4150602409638554	3271.0	1.9704819277108434	896.4492235754676	0.40974336668116573	1.453584947320323	1.0317545686611083	0.00963855421686747	0.0	0.0
32.0	3.4965075614664802	1328.0	1429.0	102.0	4.634728988229636	8.0	13.0	2.0	928.0	6.834108738813838	1.4428879310344827	1.0	2.0	14.441810344827585	15.0	15.0	212.97629310344828	3.0	2456.0	28.88146551724138	11.0	488.0	23.322198275862068	10.0	236.0	1.2413793103448276	1.0	5.0	124.6080950783932	101.08351000909917	1152.06	93.77728987068966	66.1325	1152.06	485.8242780172414	302.76	13541.61	12.06664611612306	13.18877260834945	23.0	4.307424780175645	4.90182817176815	14.142135623730951	33071.5	33071.5	66134.0	2796.0	2796.0	5590.0	145.2899668266113	145.2899668266113	244.46882254211147	80.0	80.0	130.0	157.0	157.0	269.0	310.03950000000015	310.03950000000015	528.0790000000003	430.5	430.5	765.0	12.537374455230626	12.537374455230626	13.85252668823903	5.558964488802182	5.558964488802182	5.808084870246367	13700.0	9.525224101853109	703.0	0.7575431034482759	7873.0	8.483836206896552	114.21649197080298	0.22262773722627738	33532.0	10.420285307572408	1.0	0.0010775862068965517	19654.0	21.17887931034483	251.45922730526067	0.10169390433019206	423.0	6.049733455231958	94.0	0.10129310344827586	306.0	0.3297413793103448	155.82354609929078	0.18203309692671396	0.10321099068037003	0.07433130857945901	0.007543103448275862	0.0021551724137931034	0.0
280.0	5.638354669333745	1286.0	1292.0	7.0	2.0794415416798357	14.0	20.0	2.0	392.0	5.973809611869261	1.5484693877551021	2.0	2.0	26.997448979591837	27.0	28.0	266.5408163265306	40.0	2435.0	45.982142857142854	17.0	424.0	33.224489795918366	14.0	295.0	1.3801020408163265	1.0	5.0	259.5458491834164	188.54160086299896	3914.97	200.7724744897959	145.06	3914.97	1124.8595153061224	639.615	58156.98	12.219086009176976	13.050612244897959	23.0	4.788959262841286	5.3120000027354095	16.263455967290593	379334.5	379334.5	692535.0	10508.0	10508.0	15426.0	211.01815995523776	211.01815995523776	244.46882254211147	117.50999999999999	117.50999999999999	130.0	237.0	237.0	269.0	446.07950000000017	446.07950000000017	528.0790000000003	648.4829999999993	648.4829999999993	765.0	13.580017306013136	13.580017306013136	13.85252668823903	6.016053636942128	6.016053636942128	6.224022403637888	9122.0	9.118553976345474	336.0	0.8571428571428571	4402.0	11.229591836734693	197.46454395965787	0.8045932909449682	382706.0	12.85502496233614	2.0	0.00510204081632653	191229.0	487.8290816326531	184.88481926073797	0.8367088574519344	5705.0	8.649273531773446	220.0	0.5612244897959183	2746.0	7.005102040816326	193.7004574934268	0.8177037686240141	0.6276837684340072	0.4317736025955767	0.07653061224489796	0.0	0.0
